{"cameraMode":{"drawMode":0,"name":"Shaded","section":"Shading Mode"},"sceneLighting":true,"audioPlay":false,"sceneViewState":{"showFog":true,"showMaterialUpdate":false,"showSkybox":true,"showFlares":true,"showImageEffects":true,"showParticleSystems":true},"in2DMode":false,"pivot":{"x":-15.499385833740235,"y":-11.027192115783692,"z":-6.179340362548828},"rotation":{"x":-0.1441480666399002,"y":0.7274612188339233,"z":-0.16099350154399873,"w":-0.6512702107429504},"size":37.21131134033203,"orthographic":false}