{"cameraMode":{"drawMode":0,"name":"Shaded","section":"Shading Mode"},"sceneLighting":false,"audioPlay":false,"sceneViewState":{"showFog":true,"showMaterialUpdate":false,"showSkybox":false,"showFlares":true,"showImageEffects":true,"showParticleSystems":true},"in2DMode":false,"pivot":{"x":0.06731444597244263,"y":-0.06606397032737732,"z":0.17223197221755982},"rotation":{"x":0.2725173532962799,"y":-0.5556911826133728,"z":0.19932125508785249,"w":0.7597491145133972},"size":0.34134441614151,"orthographic":false}